{"input_scale": 0.00784313725490196, "conv1_output_scale": 0.0005651640144149312, "conv2_output_scale": 0.0019432789408916256, "fc1_output_scale": 0.002551974189109988, "fc2_output_scale": 0.0028480268876474738, "fc3_output_scale": 0.002825382723164684}