{"input_scale": 0.00784313725490196, "conv1_output_scale": 0.0005097386433612375, "conv2_output_scale": 0.003286375832980571, "fc1_output_scale": 0.0022291714136998425, "fc2_output_scale": 0.0029376028228289006, "fc3_output_scale": 0.002974108990465113}